time,iteration,total_steps,reward_mean,reward_std,reward_max,reward_min,alpha,sub_dims
1.6689300537109375e-06,0,0,-0.33056949826799276,0.6810379874851008,0.5714779247524483,-1.6422382693296083,0.5,1
5.632157802581787,1,20000,-0.027385921466025774,0.5228688624836735,1.1584872896271443,-0.6267506365851278,0.5,1
15.706922769546509,2,40000,0.6365383874925994,0.6486419217539554,1.8198968315069421,-0.5057866653008373,0.5,1
30.255279302597046,3,60000,-138.12332338643813,59.370042296238125,0.39573447957387853,-238.59791823819523,0.5,1
49.26170325279236,4,80000,-51.13272997111656,141.92520395257029,134.78619118492344,-294.8040413727253,0.5,1
