time,iteration,total_steps,reward_mean,reward_std,reward_max,reward_min,alpha,sub_dims
2.86102294921875e-06,0,0,-0.33056949826799276,0.6810379874851008,0.5714779247524483,-1.6422382693296083,0.5,1
6.238989353179932,1,20000,-0.9616306229621772,0.9888811953511437,0.6738135026098576,-2.932201042208166,0.5,1
17.870852947235107,2,40000,12.126514030717036,12.89687470881998,39.250341759742156,-10.722152955081508,0.5,1
34.56716752052307,3,60000,53.310257946559844,19.445584371616036,98.05533699702784,27.524107296345893,0.5,1
56.631986141204834,4,80000,132.39991469426224,102.15807781554427,381.5642529806944,40.06432848809455,0.5,1
83.77510023117065,5,100000,162.0930686913528,144.93528635680354,504.20582375470804,-12.519005338984362,0.5,1
