time,iteration,total_steps,reward_mean,reward_std,reward_max,reward_min,alpha,sub_dims,pop_size
2.1457672119140625e-06,0,0,-16.377564567535195,15.138525158320007,26.80688155818959,-24.878921853805036,1.0,1,80
16.3423273563385,1,80000,36.51270386967026,11.218090746012916,59.92092255856341,17.944132947389303,1.0,1,80
48.09852123260498,2,160000,16.536750669668898,12.22543602808296,37.901312384963376,-4.781302446139319,1.0,1,80
95.25284504890442,3,240000,12.03764693984245,16.452873157241186,31.485647613223787,-18.48973113456028,1.0,1,80
